seed,tier,cluster_id,size,edge_density,mean_edge_bits,min_edge_bits,weight_spread,diameter,degree_gini,top_signal_share,signup_span_days,signup_burstiness,hour_concentration,median_gap_minutes,lifespan_days,coupon_rate,repeat_rate,near_min_rate,value_cv,distinct_bin_ratio,bin_concentration,distinct_device_ratio,distinct_address_ratio,pincode_concentration,total_discount,discount_per_account,discount_to_revenue,dominant_signal,label,n_ring_members,n_innocent_members,ring_purity,dominant_benign_kind
0,obvious,0,61,0.2524590163934426,19.51537941028545,14.12435531616211,3.551548630942466,7.0,0.4506067702789014,0.3099342017155336,578.8986458333334,0.0327868852459016,0.1392409886120028,6006.541666666667,179.0,0.7213114754098361,0.3114754098360656,0.3278688524590163,0.950413795079062,0.3442622950819672,0.2786885245901639,1.0,0.1475409836065573,1.0,8800.0,144.2622950819672,0.0918503674014696,address,0,0,61,0.0,hostel
0,obvious,1,60,0.2971751412429378,20.46539281801579,14.245288848876951,4.071647002963532,5.0,0.386723700887199,0.2952310758037468,494.1540046296296,0.0333333333333333,0.1139689612227847,6863.05,175.0,0.65,0.2166666666666666,0.4333333333333333,2.3303808461565345,0.4166666666666667,0.1833333333333333,1.0,0.1166666666666666,1.0,7800.0,130.0,0.1092926801928035,address,0,0,60,0.0,hostel
0,obvious,2,60,0.2203389830508474,17.78301647381905,14.016362190246582,3.845356468318598,7.0,0.4802564102564102,0.3541716908860527,169.02395833333333,0.0333333333333333,0.1603338896896926,2595.616666666667,179.0,0.5833333333333334,0.1666666666666666,0.4166666666666667,3.3893384329746628,0.3833333333333333,0.2833333333333333,1.0,0.1,0.9833333333333332,7000.0,116.66666666666669,0.0497014363715111,address,0,0,60,0.0,hostel
0,obvious,3,54,0.1788958770090845,17.13070160523057,14.063051223754885,3.1856307916560684,5.0,0.5085358796296297,0.3524226650875542,293.4017592592593,0.037037037037037,0.1523414168469357,5233.983333333334,177.0,0.7222222222222222,0.2222222222222222,0.3888888888888889,3.2090406178665587,0.4074074074074074,0.2407407407407407,1.0,0.1481481481481481,1.0,7800.0,144.44444444444446,0.0804040820533965,address,0,0,54,0.0,hostel
0,obvious,4,54,0.5241090146750524,17.988622361501058,14.000922203063965,4.4604896671782,4.0,0.2803703703703704,0.2750911420618111,652.7318402777778,0.0185185185185185,0.1024661531405518,13910.966666666667,167.0,0.4629629629629629,0.2777777777777778,0.2962962962962963,3.380146988809132,0.4629629629629629,0.2222222222222222,1.0,0.0185185185185185,1.0,5000.0,92.5925925925926,0.0238074831681094,address,0,0,54,0.0,hostel
0,obvious,5,49,0.5586734693877551,19.149472926123863,14.038196563720703,4.705687034524094,3.0,0.2649644332618892,0.2774108828338892,329.84784722222224,0.0408163265306122,0.1354749609139207,6216.066666666667,179.0,0.5918367346938775,0.3673469387755102,0.3469387755102041,0.9738876926531054,0.4489795918367347,0.2448979591836734,1.0,0.0408163265306122,1.0,5800.0,118.36734693877553,0.0302545029654629,address,0,0,49,0.0,hostel
0,obvious,6,43,0.2059800664451827,18.81857980194912,14.110392570495604,3.9197537707939247,4.0,0.3958489622405601,0.3272017161186178,129.12927083333332,0.0232558139534883,0.1587999421478831,4396.666666666667,176.0,0.4651162790697674,0.3023255813953488,0.3023255813953488,0.8788049348046676,0.3720930232558139,0.2093023255813953,1.0,0.0697674418604651,1.0,4000.0,93.02325581395348,0.0663845324039498,address,0,0,43,0.0,hostel
0,obvious,7,43,0.9579180509413068,50.17755951964097,14.084994316101074,12.552344352412383,2.0,0.0229869606129856,0.2617105346620655,199.78527777777776,0.9534883720930232,0.72279372238789,1.0833333333333333,0.0,1.0,0.0,0.9767441860465116,0.0652739949800821,0.0697674418604651,0.5813953488372093,0.0697674418604651,0.0930232558139534,1.0,8600.0,200.0,0.4532518182776431,device,1,41,2,0.9535,normal
0,obvious,8,37,0.4654654654654654,19.23151980984596,14.214825630187988,4.358558407380276,3.0,0.2625108979947689,0.2974519830733186,174.84429398148148,0.027027027027027,0.1600915006489287,5581.341666666666,163.0,0.4864864864864865,0.2972972972972973,0.3243243243243243,4.063990495621925,0.5405405405405406,0.2972972972972973,1.0,0.027027027027027,1.0,3600.0,97.29729729729728,0.0332048183880905,address,0,0,37,0.0,hostel
0,obvious,9,33,0.3087121212121212,17.280017852783203,14.260735511779783,2.876440270997853,7.0,0.402491169362335,0.3562064073748819,409.6925,0.0606060606060606,0.1048110524755042,11894.175,163.0,0.8181818181818182,0.1818181818181818,0.4545454545454545,0.6039965963772639,0.5151515151515151,0.1818181818181818,1.0,0.1515151515151515,1.0,5400.0,163.63636363636363,0.0618577958005429,address,0,0,33,0.0,hostel
0,obvious,10,25,0.5,19.12133455912272,14.710234642028809,4.673438590054938,4.0,0.2029333333333333,0.3216058577462464,80.68059027777778,0.08,0.185672578761347,3351.266666666667,125.0,0.48,0.12,0.32,0.5932607328324044,0.64,0.2,1.0,0.16,1.0,2400.0,96.0,0.1146624623763795,address,0,0,25,0.0,hostel
0,obvious,11,23,0.4229249011857707,19.74383030650772,14.069014549255373,3.8324467766011945,3.0,0.3027224705404307,0.3719291112834718,11.134166666666667,0.0869565217391304,0.281419731199242,393.53333333333336,167.0,0.6086956521739131,0.6521739130434783,0.3043478260869565,1.1875484162177192,0.6086956521739131,0.2608695652173913,1.0,0.0434782608695652,1.0,2800.0,121.7391304347826,0.0424899086466964,address,0,0,23,0.0,office
0,obvious,12,19,1.0,57.24315696850157,54.40555191040039,2.9726215661274176,1.0,0.0,0.2776959860807989,0.0342939814814814,1.0,0.8627580435484343,2.325,0.0,1.0,0.0,1.0,0.0473899852419563,0.1052631578947368,0.5789473684210527,0.0526315789473684,0.0526315789473684,1.0,3800.0,200.0,0.4589926319603817,device,1,19,0,1.0,
0,obvious,13,19,0.4269005847953216,19.02849685982482,14.418899536132812,3.9059082532062654,4.0,0.2645998558038933,0.379975945983265,3.843622685185186,0.1052631578947368,0.2974648648595666,226.75,156.0,0.4736842105263157,0.631578947368421,0.3684210526315789,1.0659077872058706,0.631578947368421,0.3157894736842105,1.0,0.0526315789473684,1.0,1800.0,94.73684210526316,0.0470514429109159,address,0,0,19,0.0,office
0,obvious,14,17,0.2941176470588235,20.544747519493104,15.26145076751709,3.6317459344170206,4.0,0.325,0.4463550693338129,6.1996875,0.1176470588235294,0.2721477349927765,213.85,178.0,0.7058823529411765,0.4117647058823529,0.3529411764705882,1.1467708281988798,0.7058823529411765,0.2352941176470588,1.0,0.1176470588235294,1.0,2400.0,141.1764705882353,0.0948354210297546,address,0,0,17,0.0,office
0,obvious,15,17,0.6764705882352942,21.364688054375023,14.010595321655272,6.61280410527387,2.0,0.1892583120204603,0.3291781460435499,49.953090277777775,0.1764705882352941,0.2721477349927765,617.25,149.0,0.6470588235294118,0.6470588235294118,0.4117647058823529,3.146526486835614,0.5294117647058824,0.2941176470588235,1.0,0.1764705882352941,1.0,2200.0,129.41176470588235,0.0283454016028036,address,0,0,17,0.0,office
0,obvious,16,15,0.7619047619047619,23.391795468330383,14.311277389526367,5.382720437828649,2.0,0.1191666666666666,0.3741313418951965,6.551805555555555,0.1333333333333333,0.2751889621180285,533.5333333333333,108.0,0.4,0.2,0.1333333333333333,0.7921792898693606,0.4666666666666667,0.4,1.0,0.0666666666666666,1.0,1200.0,80.0,0.062208398133748,address,0,0,15,0.0,office
0,obvious,17,14,1.0,67.88941343538053,67.8492431640625,0.3810886547757972,1.0,0.0,0.2514264071410768,0.037824074074074,1.0,0.7818957080144684,3.35,0.0,1.0,0.0,1.0,0.0442049253718941,0.0714285714285714,1.0,0.0714285714285714,0.0714285714285714,1.0,2800.0,200.0,0.4449388209121245,device,1,14,0,1.0,
0,obvious,18,14,0.2857142857142857,18.32802049930279,14.216721534729004,3.9013661370081287,4.0,0.3681318681318681,0.4282136198119962,13.281712962962963,0.1428571428571428,0.2630728183807969,800.9666666666667,118.0,0.8571428571428571,0.2142857142857142,0.3571428571428571,1.2785653994977184,0.5714285714285714,0.2857142857142857,1.0,0.3571428571428571,1.0,2400.0,171.42857142857142,0.1470858613715756,address,0,0,14,0.0,office
0,obvious,19,13,0.2692307692307692,18.498026121230357,14.206799507141112,4.496670416411137,4.0,0.3406593406593406,0.432710676889223,13.478564814814815,0.0769230769230769,0.3398011798606465,744.2333333333333,121.0,0.5384615384615384,0.1538461538461538,0.2307692307692307,0.5657696266564707,0.6923076923076923,0.1538461538461538,1.0,0.2307692307692307,1.0,1400.0,107.6923076923077,0.1124678663239074,address,0,0,13,0.0,office
0,obvious,20,12,0.8484848484848485,56.02609506675175,14.62496280670166,6.331007788769342,2.0,0.0818452380952381,0.2976598958195043,0.3034953703703704,0.9166666666666666,0.9097447688528432,4.05,0.0,1.0,0.0,1.0,0.0547326725846408,0.1666666666666666,0.5,0.1666666666666666,0.1666666666666666,1.0,2400.0,200.0,0.4715127701375246,device,1,11,1,0.9167,normal
0,obvious,21,11,0.4727272727272727,16.400434714097244,14.377095222473145,2.1684843526878907,3.0,0.3041958041958042,0.4376378953253951,7.158877314814815,0.1818181818181818,0.3247937677758531,909.7416666666668,133.0,0.6363636363636364,0.8181818181818182,0.3636363636363636,2.772766295923935,0.7272727272727273,0.3636363636363636,1.0,0.0909090909090909,1.0,1400.0,127.27272727272728,0.0239943784599036,address,0,0,11,0.0,office
0,obvious,22,11,1.0,65.77872467041016,65.77872467041016,0.0,1.0,0.0,0.2674275340547689,0.0354629629629629,1.0,0.904143820837709,2.933333333333333,0.0,1.0,0.0,1.0,0.0488667373999813,0.0909090909090909,1.0,0.0909090909090909,0.0909090909090909,1.0,2200.0,200.0,0.4464285714285714,device,1,11,0,1.0,
0,obvious,23,10,0.7777777777777778,25.0005245753697,15.199248313903809,5.318115116285502,2.0,0.1457142857142857,0.4130265927879096,9.337592592592593,0.1,0.3627149416319587,1324.7333333333331,155.0,0.8,0.3,0.3,2.1147891790909616,0.7,0.3,1.0,0.1,1.0,1600.0,160.0,0.0179937022042285,address,0,0,10,0.0,office
0,obvious,24,8,0.2857142857142857,15.211500644683838,14.232430458068848,0.9032278456617188,5.0,0.234375,0.376060789620243,650.0291550925926,0.25,0.6049524670759594,10061.25,0.0,1.0,0.0,0.75,1.3990500437594469,0.5,0.375,1.0,1.0,0.75,1600.0,200.0,0.2031746031746031,pincode,0,0,8,0.0,normal
0,obvious,25,8,1.0,22.773593289511545,16.937522888183594,5.160744167481552,1.0,0.0,0.3332177983406516,5.327847222222222,0.25,0.3456871240434054,751.5833333333334,145.0,0.25,0.375,0.25,0.812009824637922,0.75,0.25,1.0,0.125,1.0,400.0,50.0,0.0437541019470575,address,0,0,8,0.0,office
0,obvious,26,7,0.2857142857142857,16.727487087249756,14.302709579467772,1.2773280896598167,4.0,0.2619047619047619,0.3139518889412587,7.024305555555555,0.2857142857142857,0.6369658903559938,66.475,0.0,0.8571428571428571,0.0,0.5714285714285714,0.6023202757880942,0.5714285714285714,0.4285714285714285,1.0,1.0,1.0,1200.0,171.42857142857142,0.2068965517241379,signup_gap,0,0,7,0.0,normal
0,obvious,27,7,0.5714285714285714,41.50108559926351,14.480897903442385,13.136627365529543,3.0,0.238095238095238,0.214024406242643,332.6802662037037,0.1428571428571428,0.4500193543683953,6758.716666666666,117.0,0.7142857142857143,0.4285714285714285,0.5714285714285714,0.6287341685990923,0.4285714285714285,0.7142857142857143,0.4285714285714285,0.4285714285714285,1.0,1000.0,142.85714285714286,0.1593879502709595,address,0,0,7,0.0,family
0,obvious,28,6,0.7333333333333333,32.75086975097656,21.078601837158203,5.487820246543478,2.0,0.1515151515151515,0.2480922512933681,68.62371527777778,0.1666666666666666,0.5089100146329071,19013.45,127.0,0.5,0.5,0.1666666666666666,0.4296471289116975,0.1666666666666666,1.0,0.3333333333333333,0.3333333333333333,1.0,600.0,100.0,0.0653310104529616,device,0,0,6,0.0,family
0,obvious,29,6,0.3333333333333333,17.09300880432129,15.060643196105955,1.7595000321125809,4.0,0.2333333333333333,0.3288137286879961,7.882569444444444,0.3333333333333333,0.5816114452947508,229.01666666666668,0.0,1.0,0.0,0.6666666666666666,0.3669310673648018,0.5,0.5,1.0,1.0,1.0,1200.0,200.0,0.346720600982375,signup_gap,0,0,6,0.0,normal
0,obvious,30,6,0.3333333333333333,17.660577392578126,14.47387409210205,3.1848320840191264,4.0,0.2333333333333333,0.3700110376354031,215.2847453703704,0.3333333333333333,0.6090521459927658,2852.083333333333,0.0,0.8333333333333334,0.0,0.3333333333333333,1.0928532854837412,0.3333333333333333,0.6666666666666666,1.0,1.0,0.8333333333333334,1000.0,166.66666666666666,0.209819555182543,pincode,0,0,6,0.0,normal
0,obvious,31,6,0.4,19.99585739771525,14.367648124694824,5.319586089756788,3.0,0.2222222222222222,0.3033708648106819,74.93945601851851,0.3333333333333333,0.5816114452947508,332.4166666666667,0.0,1.0,0.0,0.6666666666666666,0.3766543669078146,0.3333333333333333,0.8333333333333334,1.0,1.0,0.6666666666666666,1200.0,200.0,0.3619909502262443,pincode,0,0,6,0.0,normal
0,obvious,32,5,0.5,15.658944702148435,14.13265895843506,2.8392422699951894,3.0,0.16,0.3290381429740364,307.0050231481481,0.4,0.7009897912493208,4192.083333333333,0.0,1.0,0.0,0.2,0.5461001036947837,0.4,0.6,1.0,1.0,1.0,1000.0,200.0,0.2074688796680498,pincode,0,0,5,0.0,normal
0,obvious,33,5,0.5,17.499003410339355,15.143635749816896,1.682526549852407,3.0,0.24,0.3686400713074251,2.0827199074074074,0.6,0.668060950411703,743.4916666666667,0.0,1.0,0.0,0.6,0.3519786012523845,0.6,0.4,1.0,1.0,1.0,1000.0,200.0,0.3246753246753247,signup_gap,0,0,5,0.0,normal
0,obvious,34,5,0.4,16.14321756362915,15.42581272125244,0.733351478016834,4.0,0.15,0.3046083041853318,6.241909722222222,0.4,0.5808192336174903,144.73333333333332,0.0,0.8,0.0,0.6,0.4648926897088551,0.2,1.0,1.0,1.0,1.0,800.0,160.0,0.3395585738539898,pincode,0,0,5,0.0,normal
0,obvious,35,5,0.4,16.39929437637329,15.060643196105955,1.6650334192541607,3.0,0.25,0.2863020074327471,6.288761574074074,0.4,0.5808192336174903,861.05,0.0,1.0,0.0,0.6,0.2107639440920912,0.4,0.6,1.0,1.0,1.0,1000.0,200.0,0.3888024883359253,signup_gap,0,0,5,0.0,normal
0,obvious,36,5,0.5,16.01314697265625,14.166387557983398,1.4730963689873051,3.0,0.24,0.3228812980320135,4.261527777777777,0.4,0.668060950411703,132.41666666666666,0.0,1.0,0.0,0.4,0.8625887915806039,0.6,0.6,1.0,1.0,1.0,1000.0,200.0,0.2314279102059708,signup_gap,0,0,5,0.0,normal
0,obvious,37,5,1.0,37.657165145874025,34.70868682861328,3.4203051981605657,1.0,0.0,0.2351603460225232,666.8605671296297,0.2,0.668060950411703,251484.825,96.0,0.4,0.6,0.4,0.5672373308579111,0.2,1.0,0.2,0.2,1.0,400.0,80.0,0.0321672698029754,device,0,0,5,0.0,family
0,obvious,38,5,0.5,15.862356185913086,14.895803451538086,1.183780504355298,3.0,0.24,0.3330559872397322,5.983854166666666,0.4,0.7882315080435335,747.7083333333334,0.0,1.0,0.0,0.4,0.1164379727245131,0.6,0.6,1.0,1.0,1.0,1000.0,200.0,0.3684598378776713,signup_gap,0,0,5,0.0,normal
0,obvious,39,5,1.0,34.8541202545166,32.869049072265625,3.342075128901283,1.0,0.0,0.295587907449314,145.19543981481482,0.2,0.4935775168232776,57832.7,162.0,1.0,1.0,0.4,0.8942515783726643,0.2,1.0,0.2,0.2,1.0,1000.0,200.0,0.0147102088849661,device,0,0,5,0.0,family
0,obvious,40,4,0.6666666666666666,16.36436414718628,16.083402633666992,0.4866396163868552,2.0,0.1875,0.5268465365161475,7.814444444444445,0.25,0.6728435620217027,2836.5,0.0,1.0,0.0,0.75,0.2800749452500796,0.75,0.5,1.0,1.0,1.0,800.0,200.0,0.3762935089369708,pincode,0,0,4,0.0,normal
0,obvious,41,4,0.5,17.741703669230144,16.433605194091797,1.1059118510506312,3.0,0.1666666666666666,0.3064470180966958,6.949305555555555,0.5,0.6728435620217027,1361.7,0.0,1.0,0.0,0.0,0.7853440708836106,0.5,0.75,1.0,1.0,1.0,800.0,200.0,0.1366353543979504,signup_gap,0,0,4,0.0,normal
0,obvious,42,4,0.5,16.131515820821125,15.001435279846191,0.9440377213476404,3.0,0.1666666666666666,0.3279833213124923,7.206134259259259,0.5,0.8230567590614909,1418.2833333333333,0.0,1.0,0.0,0.25,0.5188766978183705,0.5,0.5,1.0,1.0,1.0,800.0,200.0,0.2085505735140771,signup_gap,0,0,4,0.0,normal
0,obvious,43,4,0.5,18.4825496673584,17.312185287475586,1.6551451789486509,3.0,0.1666666666666666,0.4259643294764498,1.0229282407407407,0.5,0.7818957080144684,44.516666666666666,0.0,1.0,0.0,0.75,0.3398772541824827,0.75,0.5,1.0,1.0,1.0,800.0,200.0,0.3616636528028933,signup_gap,0,0,4,0.0,normal
0,obvious,44,4,0.5,16.97355047861735,15.060643196105955,1.6741437608274092,3.0,0.1666666666666666,0.290637485761633,8.980659722222223,0.5,1.0,4272.983333333334,0.0,1.0,0.0,0.5,0.2967137169577122,0.5,0.5,1.0,1.0,1.0,800.0,200.0,0.36330608537693,signup_gap,0,0,4,0.0,normal
0,obvious,45,4,0.5,15.915693283081056,14.60759449005127,1.1059122524684029,3.0,0.1666666666666666,0.3322074154509807,5.901886574074074,0.5,0.6728435620217027,1224.65,0.0,1.0,0.0,0.5,0.1105389439586243,0.5,0.75,1.0,1.0,1.0,800.0,200.0,0.4201680672268907,signup_gap,0,0,4,0.0,normal
0,obvious,46,4,0.8333333333333334,16.550284576416015,16.511920928955078,0.0469856804756581,2.0,0.1,0.3474091482224156,9.77261574074074,0.25,0.5637914160289369,5244.25,0.0,1.0,0.0,0.25,0.3855614635564,0.25,1.0,1.0,1.0,1.0,800.0,200.0,0.1573873696635845,card_bin,0,0,4,0.0,normal
0,obvious,47,4,0.5,15.202282587687174,14.415905952453612,0.7591176820016206,2.0,0.25,0.3614823954213813,456.4228009259259,0.25,0.5637914160289369,507.4333333333333,0.0,1.0,0.0,0.25,0.6393173404520287,0.5,0.75,1.0,1.0,0.75,800.0,200.0,0.2548582351067219,pincode,0,0,4,0.0,normal
0,obvious,48,4,1.0,38.41435877482096,34.76084518432617,4.866571876797578,1.0,0.0,0.2466092946719805,159.8277314814815,0.25,0.5637914160289369,36571.48333333333,172.0,0.5,1.0,0.5,0.1907023628663968,0.25,1.0,0.25,0.25,1.0,400.0,100.0,0.0286123032904148,device,0,0,4,0.0,family
0,obvious,49,4,0.5,14.546663284301758,14.546663284301758,0.0,3.0,0.1666666666666666,0.4440459504487746,12.773310185185183,0.25,0.5637914160289369,5547.433333333333,0.0,1.0,0.0,0.25,0.2009354227386289,0.25,1.0,1.0,1.0,1.0,800.0,200.0,0.353045013239188,pincode,0,0,4,0.0,normal
0,obvious,50,4,0.5,15.409069379170736,15.032614707946776,0.2661936508318132,3.0,0.1666666666666666,0.2798738058541211,9.166261574074074,0.5,0.5637914160289369,5466.666666666667,0.0,1.0,0.0,0.25,0.1430359501438629,0.25,1.0,1.0,1.0,0.75,800.0,200.0,0.3379805661174482,card_bin,0,0,4,0.0,normal
0,obvious,51,4,1.0,28.392388979593917,24.44362449645996,4.787286909180493,1.0,0.0,0.2792144839928924,320.0502199074074,0.25,0.6728435620217027,131145.4,105.0,0.5,1.0,0.0,0.5725980685931128,0.25,1.0,0.25,0.25,1.0,400.0,100.0,0.0277219488530043,device,0,0,4,0.0,family
0,obvious,52,4,0.6666666666666666,15.183457136154177,14.902495384216309,0.4866400293399477,2.0,0.1875,0.5017084498998383,6.309490740740741,0.25,0.6728435620217027,2933.6,0.0,1.0,0.0,0.25,0.2886408544774084,0.75,0.5,1.0,1.0,1.0,800.0,200.0,0.3261312678353037,pincode,0,0,4,0.0,normal
0,obvious,53,4,0.8333333333333334,16.832238006591798,15.325547218322754,1.9552342456686005,2.0,0.1,0.4989601765157804,5.966331018518519,0.25,0.6728435620217027,2280.95,0.0,1.0,0.0,0.5,0.2965736040994579,0.5,0.75,1.0,1.0,1.0,800.0,200.0,0.3629764065335753,pincode,0,0,4,0.0,normal
0,obvious,54,4,0.6666666666666666,15.73591375350952,14.587884902954102,1.988444297716885,2.0,0.1875,0.379016231309419,3.669328703703704,0.5,0.6728435620217027,1690.35,0.0,0.75,0.0,0.5,0.583337442894175,0.25,1.0,1.0,1.0,1.0,600.0,150.0,0.1951854261548471,pincode,0,0,4,0.0,normal
0,obvious,55,4,0.5,16.113765716552734,14.726463317871094,1.961941867328303,3.0,0.1666666666666666,0.3317675319733045,12.897337962962965,0.25,0.6728435620217027,4854.933333333333,0.0,1.0,0.0,0.5,0.724112652912072,0.25,1.0,1.0,1.0,1.0,800.0,200.0,0.2439768222018908,card_bin,0,0,4,0.0,normal
0,obvious,56,4,0.6666666666666666,15.1629638671875,14.505156517028809,0.6578073501586914,2.0,0.1875,0.5016147583564929,4.240243055555555,0.25,0.5637914160289369,1170.4666666666667,0.0,1.0,0.0,0.5,0.3964987067946072,1.0,0.25,1.0,1.0,1.0,800.0,200.0,0.2857142857142857,pincode,0,0,4,0.0,normal
0,obvious,57,4,0.5,15.185988426208496,14.902495384216309,0.4009197048237569,2.0,0.25,0.4325105869807115,380.9955324074074,0.25,0.6728435620217027,10038.683333333332,0.0,1.0,0.0,0.5,0.1518440836568546,0.75,0.5,1.0,1.0,1.0,800.0,200.0,0.4092071611253197,pincode,0,0,4,0.0,normal
0,obvious,58,4,0.5,15.915693283081056,14.60759449005127,1.1059122524684029,2.0,0.25,0.3322074154509807,4.171261574074074,0.5,0.6728435620217027,171.78333333333333,0.0,1.0,0.0,0.25,0.3403898265412669,0.5,0.75,1.0,1.0,1.0,800.0,200.0,0.2391629297458893,signup_gap,0,0,4,0.0,normal
0,obvious,59,4,0.5,18.45721371968587,17.095251083374023,0.963053015858816,3.0,0.1666666666666666,0.367862042219534,1.1934375,0.5,0.5637914160289369,56.36666666666667,0.0,1.0,0.0,0.25,1.580035299168494,0.75,0.5,1.0,1.0,1.0,800.0,200.0,0.0234549079394863,signup_gap,0,0,4,0.0,normal
0,obvious,60,4,0.5,22.851415634155277,19.14219093322754,4.273957317932982,3.0,0.1666666666666666,0.4395571786114241,40.65160879629629,0.25,0.5637914160289369,6462.316666666667,169.0,0.75,0.25,0.25,0.7349458959356715,0.75,0.5,1.0,0.25,1.0,600.0,150.0,0.0892591490627789,address,0,0,4,0.0,flatmates
0,obvious,61,4,0.5,15.834515889485678,15.04772663116455,1.045603422934037,3.0,0.1666666666666666,0.3014760875506213,8.193483796296297,0.5,0.6728435620217027,2715.633333333333,0.0,1.0,0.0,0.75,0.0970412042976564,0.5,0.75,1.0,1.0,1.0,800.0,200.0,0.4509582863585118,card_bin,0,0,4,0.0,normal
0,obvious,62,4,0.6666666666666666,15.49989891052246,14.895803451538086,1.0463240275825785,2.0,0.1875,0.2772390015268075,5.972233796296297,0.5,0.7818957080144684,4215.016666666666,0.0,1.0,0.0,0.5,0.0780198126911315,0.5,0.75,1.0,1.0,1.0,800.0,200.0,0.4108885464817668,signup_gap,0,0,4,0.0,normal
0,obvious,63,4,0.5,17.184180577596027,17.12017822265625,0.0905129983796516,3.0,0.1666666666666666,0.3407407643980513,7.117476851851852,0.5,0.5637914160289369,2457.766666666667,0.0,1.0,0.0,0.75,0.4508086240838764,0.5,0.75,1.0,1.0,1.0,800.0,200.0,0.3203844613536243,card_bin,0,0,4,0.0,normal
0,obvious,64,4,0.8333333333333334,17.445353698730468,15.400609016418455,3.664335467270912,2.0,0.1,0.3856080891553993,3.0569907407407406,0.75,0.8230567590614909,27.2,0.0,0.75,0.0,0.0,0.6929658233485879,1.0,0.25,1.0,1.0,1.0,600.0,150.0,0.1509054325955734,pincode,0,0,4,0.0,normal
0,obvious,65,4,0.6666666666666666,18.175987720489506,17.10858917236328,1.7332363587578807,2.0,0.1875,0.3137698714370867,0.9616203703703704,0.5,0.6728435620217027,158.7,0.0,1.0,0.0,0.25,0.5754524878662375,0.5,0.75,1.0,1.0,1.0,800.0,200.0,0.2838892831795599,signup_gap,0,0,4,0.0,normal
0,obvious,66,4,0.6666666666666666,19.883695125579838,17.312185287475586,2.653519175203754,2.0,0.1875,0.4055934391804196,5.07943287037037,0.75,0.8230567590614909,21.066666666666663,0.0,1.0,0.0,0.75,0.2546386337126338,0.5,0.5,1.0,1.0,1.0,800.0,200.0,0.3634711494775102,signup_gap,0,0,4,0.0,normal
0,obvious,67,4,0.5,14.704707145690918,14.493464469909668,0.1493711285209131,3.0,0.1666666666666666,0.3246025869659248,134.03061342592594,0.25,0.7818957080144684,1422.4833333333331,0.0,1.0,0.0,0.75,0.0309910246262477,0.75,0.5,1.0,1.0,1.0,800.0,200.0,0.4125838060856111,pincode,0,0,4,0.0,normal
0,obvious,68,4,0.5,16.157881418863933,14.274806022644045,2.131679614200557,3.0,0.1666666666666666,0.2982913198913441,32.97704861111111,0.5,0.8230567590614909,2839.2,0.0,1.0,0.0,0.0,0.1930690384412713,0.5,0.5,1.0,1.0,1.0,800.0,200.0,0.2747252747252747,signup_gap,0,0,4,0.0,normal
0,obvious,69,4,0.6666666666666666,14.752949953079224,14.354853630065918,0.6895230577653967,2.0,0.1875,0.3071084377661174,264.0077777777778,0.5,0.6728435620217027,145524.06666666668,0.0,1.0,0.0,0.5,0.4287254788647513,0.25,1.0,1.0,1.0,0.75,800.0,200.0,0.2672903441363181,pincode,0,0,4,0.0,normal
0,obvious,70,4,1.0,29.25626309712728,23.240562438964844,4.255665723272181,1.0,0.0,0.2932118489127817,573.4961111111111,0.25,0.5637914160289369,247012.9,129.0,0.75,1.0,0.25,0.3544652459069805,0.25,1.0,0.25,0.25,1.0,600.0,150.0,0.0624544602893723,device,0,0,4,0.0,family
0,obvious,71,3,0.6666666666666666,15.911935329437256,14.511685371398926,1.40024995803833,2.0,0.1666666666666666,0.4018900278231238,0.6895833333333333,0.6666666666666666,0.6543128759565947,496.5,0.0,1.0,0.0,0.6666666666666666,0.0362167451361933,0.6666666666666666,0.6666666666666666,1.0,1.0,1.0,600.0,200.0,0.4026845637583892,signup_gap,0,0,3,0.0,normal
0,obvious,72,3,0.6666666666666666,17.563124656677246,16.215288162231445,1.3478364944458008,2.0,0.1666666666666666,0.3156643980952078,20.987986111111116,0.3333333333333333,0.7997157372802824,15111.35,0.0,1.0,0.0,0.6666666666666666,0.1136096072396294,0.3333333333333333,1.0,1.0,1.0,1.0,600.0,200.0,0.4285714285714285,pincode,0,0,3,0.0,normal
0,obvious,73,3,0.6666666666666666,16.932360649108887,16.274553298950195,0.6578073501586914,2.0,0.1666666666666666,0.3528225685022483,4.420208333333333,0.3333333333333333,0.6543128759565947,3182.55,0.0,1.0,0.0,0.3333333333333333,0.9009563794315149,0.3333333333333333,1.0,1.0,1.0,1.0,600.0,200.0,0.1524003048006096,card_bin,0,0,3,0.0,normal
0,obvious,74,3,0.6666666666666666,16.29618263244629,16.29618263244629,0.0,2.0,0.1666666666666666,0.3751995183884185,12.61181712962963,0.3333333333333333,0.6543128759565947,9080.508333333331,0.0,1.0,0.0,0.0,0.3919677542211509,0.3333333333333333,1.0,1.0,1.0,1.0,600.0,200.0,0.228310502283105,pincode,0,0,3,0.0,normal
0,obvious,75,3,0.6666666666666666,14.346755981445312,14.17881679534912,0.1679391860961914,2.0,0.1666666666666666,0.4023427321791066,584.0194328703703,0.3333333333333333,0.7997157372802824,420493.9916666666,0.0,1.0,0.0,0.3333333333333333,0.7442567591148401,0.6666666666666666,0.6666666666666666,1.0,1.0,1.0,600.0,200.0,0.2004008016032064,pincode,0,0,3,0.0,normal
0,obvious,76,3,0.6666666666666666,16.93483829498291,16.27703094482422,0.6578073501586914,2.0,0.1666666666666666,0.309871171074765,6.983171296296296,0.3333333333333333,0.7997157372802824,5027.883333333333,0.0,1.0,0.0,0.3333333333333333,1.0155686446494707,0.3333333333333333,1.0,1.0,1.0,1.0,600.0,200.0,0.1137872179025222,pincode,0,0,3,0.0,normal
0,obvious,77,3,0.6666666666666666,14.41019058227539,14.36223602294922,0.0479545593261718,2.0,0.1666666666666666,0.3199607123105146,9.5953125,0.3333333333333333,0.6543128759565947,6908.625,0.0,1.0,0.0,1.0,0.0635232566842325,0.3333333333333333,1.0,1.0,1.0,1.0,600.0,200.0,0.4484304932735426,pincode,0,0,3,0.0,normal
0,obvious,78,3,0.6666666666666666,14.536911010742188,14.47387409210205,0.0630369186401367,2.0,0.1666666666666666,0.3356474421474322,0.2024189814814815,0.6666666666666666,0.6543128759565947,145.74166666666667,0.0,1.0,0.0,0.0,0.2637802158658954,0.6666666666666666,0.6666666666666666,1.0,1.0,0.6666666666666666,600.0,200.0,0.2686968204209583,pincode,0,0,3,0.0,normal
0,obvious,79,3,0.6666666666666666,20.46136713027954,14.67246913909912,5.78889799118042,2.0,0.1666666666666666,0.3961570523693757,3.555972222222222,0.3333333333333333,0.6543128759565947,2560.3,0.0,1.0,0.0,1.0,0.0374896673341477,0.6666666666666666,0.6666666666666666,1.0,1.0,1.0,600.0,200.0,0.4207573632538569,pincode,0,0,3,0.0,normal
0,obvious,80,3,0.6666666666666666,15.580617904663086,15.180092811584473,0.4005250930786133,2.0,0.1666666666666666,0.4367739107076219,4.958425925925926,0.3333333333333333,0.7997157372802824,3570.0666666666666,0.0,0.6666666666666666,0.0,0.3333333333333333,0.2399859030710203,0.6666666666666666,0.6666666666666666,1.0,1.0,1.0,400.0,133.33333333333334,0.1815705855651384,pincode,0,0,3,0.0,normal
0,obvious,81,3,0.6666666666666666,16.583059787750244,15.159913063049316,1.4231467247009275,2.0,0.1666666666666666,0.4841874439671382,3.0341898148148148,0.3333333333333333,0.6543128759565947,2184.616666666667,0.0,1.0,0.0,0.6666666666666666,0.1359886460409717,1.0,0.3333333333333333,1.0,1.0,1.0,600.0,200.0,0.3931847968545216,pincode,0,0,3,0.0,normal
0,obvious,82,3,0.6666666666666666,15.432950496673584,14.823071479797363,0.6098790168762207,2.0,0.1666666666666666,0.4933143471232281,8.116979166666667,0.3333333333333333,0.6543128759565947,5844.225,0.0,1.0,0.0,0.3333333333333333,0.4197521501353136,0.6666666666666666,0.6666666666666666,1.0,1.0,1.0,600.0,200.0,0.2702702702702703,pincode,0,0,3,0.0,normal
0,obvious,83,3,0.6666666666666666,16.959424018859863,16.59807586669922,0.3613481521606445,2.0,0.1666666666666666,0.4621030249216751,99.9949537037037,0.3333333333333333,0.7997157372802824,71996.36666666667,0.0,1.0,0.0,0.6666666666666666,0.4005851050241992,0.6666666666666666,0.6666666666666666,1.0,1.0,1.0,600.0,200.0,0.3215434083601286,pincode,0,0,3,0.0,normal
0,obvious,84,3,0.6666666666666666,15.234392642974854,14.67246913909912,0.5619235038757324,2.0,0.1666666666666666,0.4888399849762359,7.835289351851852,0.3333333333333333,0.7997157372802824,5641.408333333334,0.0,1.0,0.0,0.3333333333333333,0.6299515098693554,0.6666666666666666,0.6666666666666666,1.0,1.0,1.0,600.0,200.0,0.2419354838709677,pincode,0,0,3,0.0,normal
0,obvious,85,3,0.6666666666666666,17.318225860595703,15.49825668334961,1.8199691772460935,2.0,0.1666666666666666,0.3318487656022524,139.92956018518518,0.6666666666666666,0.6543128759565947,100749.28333333334,0.0,1.0,0.0,0.0,0.3416146783422693,0.6666666666666666,0.6666666666666666,1.0,1.0,1.0,600.0,200.0,0.2107481559536354,signup_gap,0,0,3,0.0,normal
0,obvious,86,3,0.6666666666666666,14.541147232055664,14.17979907989502,0.3613481521606445,2.0,0.1666666666666666,0.4138314198069878,761.0212152777777,0.3333333333333333,0.7997157372802824,547935.275,0.0,1.0,0.0,1.0,0.0267938274584697,0.6666666666666666,0.6666666666666666,1.0,1.0,1.0,600.0,200.0,0.4198740377886634,pincode,0,0,3,0.0,normal
0,obvious,87,3,0.6666666666666666,16.03566598892212,15.42581272125244,0.6098532676696777,2.0,0.1666666666666666,0.3579711675604164,6.987800925925926,0.3333333333333333,0.6543128759565947,5031.216666666666,0.0,1.0,0.0,0.6666666666666666,0.4855656677271227,0.3333333333333333,1.0,1.0,1.0,1.0,600.0,200.0,0.2724795640326976,pincode,0,0,3,0.0,normal
0,obvious,88,3,0.6666666666666666,17.31244421005249,14.61586093902588,2.6965832710266118,2.0,0.1666666666666666,0.3788411250907729,0.7492245370370371,0.6666666666666666,0.6543128759565947,539.4416666666667,0.0,1.0,0.0,0.6666666666666666,0.1891987330311045,0.6666666666666666,0.6666666666666666,1.0,1.0,1.0,600.0,200.0,0.3729024238657551,signup_gap,0,0,3,0.0,normal
0,obvious,89,3,0.6666666666666666,15.887842655181885,15.510323524475098,0.3775191307067871,2.0,0.1666666666666666,0.4142105251983669,33.44921296296296,0.3333333333333333,0.7997157372802824,24083.43333333333,0.0,1.0,0.0,0.6666666666666666,0.2270196041130991,0.6666666666666666,0.6666666666666666,1.0,1.0,1.0,600.0,200.0,0.3733665214685749,pincode,0,0,3,0.0,normal
0,obvious,90,3,0.6666666666666666,15.931475639343262,15.931475639343262,0.0,2.0,0.1666666666666666,0.356721072640584,9.022048611111112,0.3333333333333333,0.7997157372802824,6495.875,0.0,1.0,0.0,0.6666666666666666,0.363516613575312,0.3333333333333333,1.0,1.0,1.0,1.0,600.0,200.0,0.3298515667949422,pincode,0,0,3,0.0,normal
0,obvious,91,3,0.6666666666666666,15.495089054107666,14.47387409210205,1.0212149620056152,2.0,0.1666666666666666,0.3268281152907343,596.0444560185185,0.6666666666666666,0.7997157372802824,429152.00833333336,0.0,1.0,0.0,0.6666666666666666,0.125886014125615,0.3333333333333333,1.0,1.0,1.0,0.6666666666666666,600.0,200.0,0.3873466752743705,pincode,0,0,3,0.0,normal
0,obvious,92,3,0.6666666666666666,17.312185287475586,17.312185287475586,0.0,2.0,0.1666666666666666,0.5149670781464688,0.0603935185185185,0.6666666666666666,0.6543128759565947,43.48333333333333,0.0,1.0,0.0,0.3333333333333333,0.5258161648101446,1.0,0.3333333333333333,1.0,1.0,1.0,600.0,200.0,0.2310358105506353,signup_gap,0,0,3,0.0,normal
0,obvious,93,3,0.6666666666666666,15.52902603149414,14.264312744140623,1.2647132873535156,2.0,0.1666666666666666,0.461881685436033,212.73891203703704,0.3333333333333333,0.6543128759565947,153172.01666666666,0.0,1.0,0.0,0.0,0.6818424820650228,0.6666666666666666,0.6666666666666666,1.0,1.0,1.0,600.0,200.0,0.1996007984031936,pincode,0,0,3,0.0,normal
0,obvious,94,3,0.6666666666666666,16.103994369506836,14.895803451538086,1.20819091796875,2.0,0.1666666666666666,0.367646004463935,2.0286574074074077,0.6666666666666666,0.7997157372802824,1460.6333333333334,0.0,1.0,0.0,0.3333333333333333,0.7536762744153556,0.6666666666666666,0.6666666666666666,1.0,1.0,1.0,600.0,200.0,0.2004677581022385,signup_gap,0,0,3,0.0,normal
0,obvious,95,3,0.6666666666666666,16.103994369506836,14.895803451538086,1.20819091796875,2.0,0.1666666666666666,0.367646004463935,6.983333333333333,0.6666666666666666,0.7997157372802824,5028.0,0.0,1.0,0.0,0.3333333333333333,0.272371051218708,0.6666666666666666,0.6666666666666666,1.0,1.0,1.0,600.0,200.0,0.3397508493771234,signup_gap,0,0,3,0.0,normal
0,obvious,96,3,1.0,14.91342067718506,14.91342067718506,0.0,1.0,0.0,0.3247436596461079,476.07011574074073,0.3333333333333333,0.7997157372802824,342770.48333333334,0.0,1.0,0.0,0.3333333333333333,0.3207716798922629,0.3333333333333333,1.0,1.0,1.0,1.0,600.0,200.0,0.3273322422258592,card_bin,0,0,3,0.0,normal
0,obvious,97,3,0.6666666666666666,15.987711429595947,15.329903602600098,0.6578078269958496,2.0,0.1666666666666666,0.3571653643004649,4.038761574074074,0.3333333333333333,0.6543128759565947,2907.9083333333333,0.0,1.0,0.0,0.6666666666666666,0.0466664438166098,0.3333333333333333,1.0,1.0,1.0,1.0,600.0,200.0,0.418702023726448,pincode,0,0,3,0.0,normal
0,obvious,98,3,0.6666666666666666,21.466334342956543,21.327342987060547,0.1389913558959961,2.0,0.1666666666666666,0.3081292338208123,3.018854166666667,0.6666666666666666,0.7997157372802824,2173.575,0.0,1.0,0.0,0.6666666666666666,0.0884719985844023,0.6666666666666666,0.6666666666666666,1.0,1.0,1.0,600.0,200.0,0.449438202247191,pincode,0,0,3,0.0,normal
0,obvious,99,3,0.6666666666666666,19.010883331298828,18.962928771972656,0.0479545593261718,2.0,0.1666666666666666,0.3548368387536282,9.288298611111111,0.3333333333333333,0.6543128759565947,6687.575,0.0,1.0,0.0,1.0,0.0878904456494956,0.3333333333333333,1.0,1.0,1.0,1.0,600.0,200.0,0.4261363636363636,card_bin,0,0,3,0.0,normal
0,obvious,100,3,0.6666666666666666,14.587884902954102,14.587884902954102,0.0,2.0,0.1666666666666666,0.4450961180842074,8.117395833333333,0.3333333333333333,0.6543128759565947,5844.525,0.0,1.0,0.0,0.3333333333333333,0.3281724670125844,0.3333333333333333,1.0,1.0,1.0,1.0,600.0,200.0,0.2870813397129186,pincode,0,0,3,0.0,normal
0,obvious,101,3,0.6666666666666666,16.0809268951416,16.0809268951416,0.0,2.0,0.1666666666666666,0.3076706808481602,1.0391203703703704,0.3333333333333333,0.7997157372802824,748.1666666666666,0.0,1.0,0.0,0.3333333333333333,0.2723385917479562,0.3333333333333333,1.0,1.0,1.0,1.0,600.0,200.0,0.2522068095838587,signup_gap,0,0,3,0.0,normal
0,obvious,102,3,1.0,18.140312830607098,14.206056594848633,2.826986428882233,1.0,0.0,0.3412633474279506,0.9427777777777778,0.6666666666666666,0.7997157372802824,678.8,0.0,1.0,0.0,0.6666666666666666,1.0156705744159653,0.6666666666666666,0.6666666666666666,1.0,1.0,1.0,600.0,200.0,0.1241464928615766,signup_gap,0,0,3,0.0,normal
0,obvious,103,3,0.6666666666666666,17.737945556640625,16.337696075439453,1.400249481201172,2.0,0.1666666666666666,0.3723531133623771,0.7676041666666666,0.6666666666666666,0.6543128759565947,552.675,0.0,1.0,0.0,1.0,0.069195043406704,0.6666666666666666,0.6666666666666666,1.0,1.0,1.0,600.0,200.0,0.4491017964071856,signup_gap,0,0,3,0.0,normal
0,obvious,104,3,0.6666666666666666,14.011527061462402,14.011527061462402,0.0,2.0,0.1666666666666666,0.3790376593316726,417.9782175925926,0.3333333333333333,0.6543128759565947,300944.31666666665,0.0,1.0,0.0,1.0,0.0509765951431875,0.3333333333333333,1.0,1.0,1.0,1.0,600.0,200.0,0.4389173372348208,pincode,0,0,3,0.0,normal
0,obvious,105,3,0.6666666666666666,15.384995937347412,14.823071479797363,0.5619244575500488,2.0,0.1666666666666666,0.4922625812829007,3.452511574074074,0.3333333333333333,0.6543128759565947,2485.8083333333334,0.0,1.0,0.0,0.3333333333333333,0.3750452812167659,0.6666666666666666,0.6666666666666666,1.0,1.0,1.0,600.0,200.0,0.2666666666666666,pincode,0,0,3,0.0,normal
0,obvious,106,3,0.6666666666666666,15.859596729278564,15.670416831970217,0.1891798973083496,2.0,0.1666666666666666,0.4348567367491689,6.943344907407408,0.3333333333333333,0.7997157372802824,4999.208333333333,0.0,0.6666666666666666,0.0,0.6666666666666666,0.1679829453716541,0.6666666666666666,0.6666666666666666,1.0,1.0,1.0,400.0,133.33333333333334,0.3710575139146567,pincode,0,0,3,0.0,normal
0,obvious,107,3,0.6666666666666666,16.103994369506836,14.895803451538086,1.20819091796875,2.0,0.1666666666666666,0.367646004463935,2.0374537037037035,0.6666666666666666,0.7997157372802824,1466.9666666666667,0.0,1.0,0.0,0.6666666666666666,0.4882182015023442,0.6666666666666666,0.6666666666666666,1.0,1.0,1.0,600.0,200.0,0.2834199338686821,signup_gap,0,0,3,0.0,normal
0,obvious,108,3,0.6666666666666666,16.030176162719727,15.761804580688477,0.26837158203125,2.0,0.1666666666666666,0.3148600259732491,8.882893518518518,0.6666666666666666,0.6543128759565947,6395.683333333333,0.0,1.0,0.0,1.0,0.0157620386818942,0.3333333333333333,1.0,1.0,1.0,0.6666666666666666,600.0,200.0,0.463678516228748,pincode,0,0,3,0.0,normal
0,obvious,109,3,0.6666666666666666,17.292582511901855,15.302129745483398,1.990452766418457,2.0,0.1666666666666666,0.3625283220440239,2.209016203703704,0.6666666666666666,0.6543128759565947,1590.4916666666666,0.0,1.0,0.0,0.6666666666666666,0.2868050477666129,0.6666666666666666,0.6666666666666666,1.0,1.0,0.6666666666666666,600.0,200.0,0.3456221198156682,pincode,0,0,3,0.0,normal
0,obvious,110,3,0.6666666666666666,16.62761688232422,14.546663284301758,2.080953598022461,2.0,0.1666666666666666,0.4407669224465415,9.261539351851852,0.3333333333333333,0.6543128759565947,6668.308333333333,0.0,1.0,0.0,0.6666666666666666,0.4662319962740644,0.3333333333333333,1.0,1.0,1.0,1.0,600.0,200.0,0.306435137895812,pincode,0,0,3,0.0,normal
0,obvious,111,3,0.6666666666666666,17.15091323852539,16.989641189575195,0.1612720489501953,2.0,0.1666666666666666,0.423564200685632,0.0428935185185185,0.6666666666666666,0.7997157372802824,30.883333333333333,0.0,1.0,0.0,0.0,0.4136401072772923,0.6666666666666666,0.6666666666666666,1.0,1.0,0.6666666666666666,600.0,200.0,0.2126905352711804,signup_gap,0,0,3,0.0,normal
0,obvious,112,3,0.6666666666666666,16.569742679595947,15.827300071716309,0.7424426078796387,2.0,0.1666666666666666,0.3597763098808383,6.022476851851851,0.6666666666666666,1.0,4336.183333333333,0.0,1.0,0.0,0.3333333333333333,0.4788096351021632,0.6666666666666666,0.6666666666666666,1.0,1.0,1.0,600.0,200.0,0.2666666666666666,signup_gap,0,0,3,0.0,normal
0,obvious,113,3,0.6666666666666666,14.367648124694824,14.367648124694824,0.0,2.0,0.1666666666666666,0.4973227275429061,5.066701388888889,0.3333333333333333,0.6543128759565947,3648.025,0.0,1.0,0.0,0.0,0.6555849265343259,1.0,0.3333333333333333,1.0,1.0,1.0,600.0,200.0,0.1894537417113988,pincode,0,0,3,0.0,normal
0,obvious,114,3,1.0,21.05335871378581,17.743587493896484,4.613071530707945,1.0,0.0,0.3764823847679445,49.09378472222223,0.3333333333333333,0.6543128759565947,35347.525,145.0,1.0,0.3333333333333333,0.6666666666666666,0.4053799432606238,1.0,0.3333333333333333,1.0,0.3333333333333333,1.0,600.0,200.0,0.0724812756704518,address,0,0,3,0.0,flatmates
0,obvious,115,3,0.6666666666666666,17.549837589263916,15.961480140686035,1.5883574485778809,2.0,0.1666666666666666,0.3174765769206308,3.168391203703704,0.6666666666666666,0.7997157372802824,2281.241666666667,0.0,1.0,0.0,0.3333333333333333,0.3748019659609344,0.6666666666666666,0.6666666666666666,1.0,1.0,1.0,600.0,200.0,0.2880460873739798,signup_gap,0,0,3,0.0,normal
0,obvious,116,3,0.6666666666666666,14.306392669677734,14.009932518005373,0.2964601516723633,2.0,0.1666666666666666,0.4042647905242496,83.02413194444445,0.3333333333333333,0.6543128759565947,59777.375,0.0,1.0,0.0,0.0,1.367625107320929,0.6666666666666666,0.6666666666666666,1.0,1.0,1.0,600.0,200.0,0.0111018595614765,pincode,0,0,3,0.0,normal
0,obvious,117,3,0.6666666666666666,15.955158710479736,14.514695167541504,1.4404635429382324,2.0,0.1666666666666666,0.4686703826701869,3.0934953703703703,0.3333333333333333,0.7997157372802824,2227.3166666666666,0.0,1.0,0.0,0.0,0.4236639861523538,0.6666666666666666,0.6666666666666666,1.0,1.0,1.0,600.0,200.0,0.2097902097902098,pincode,0,0,3,0.0,normal
0,obvious,118,3,0.6666666666666666,15.809607028961182,15.325547218322754,0.4840598106384277,2.0,0.1666666666666666,0.4102208101585332,334.9853935185185,0.3333333333333333,1.0,241189.4833333333,0.0,1.0,0.0,0.3333333333333333,0.2976357623348604,0.6666666666666666,0.6666666666666666,1.0,1.0,1.0,600.0,200.0,0.3089598352214212,pincode,0,0,3,0.0,normal
0,obvious,119,3,1.0,14.301726977030436,14.269757270812988,0.0452119921177983,1.0,0.0,0.4289755449438014,382.3493402777778,0.3333333333333333,0.6543128759565947,275291.525,0.0,1.0,0.0,0.3333333333333333,0.1436937772845926,0.3333333333333333,1.0,1.0,1.0,1.0,600.0,200.0,0.4034969737726967,pincode,0,0,3,0.0,normal
0,obvious,120,3,0.6666666666666666,16.03566598892212,15.42581272125244,0.6098532676696777,2.0,0.1666666666666666,0.3579711675604164,3.936076388888889,0.3333333333333333,0.6543128759565947,2833.975,0.0,1.0,0.0,0.3333333333333333,0.3022148047382246,0.3333333333333333,1.0,1.0,1.0,1.0,600.0,200.0,0.2916869227029655,pincode,0,0,3,0.0,normal
0,obvious,121,3,0.6666666666666666,18.910855770111084,15.878737449645996,3.032118320465088,2.0,0.1666666666666666,0.2715002145730709,15.077997685185183,0.6666666666666666,0.6543128759565947,10856.158333333333,0.0,0.6666666666666666,0.0,0.3333333333333333,0.8889308754909215,1.0,0.3333333333333333,0.6666666666666666,1.0,1.0,400.0,133.33333333333334,0.2209944751381215,device,0,0,3,0.0,normal
0,obvious,122,3,0.6666666666666666,15.396939277648926,14.206056594848633,1.190882682800293,2.0,0.1666666666666666,0.2804024899419247,619.9499537037037,0.3333333333333333,0.7997157372802824,446363.9666666667,0.0,1.0,0.0,0.3333333333333333,0.6937136173372999,0.6666666666666666,0.6666666666666666,1.0,1.0,1.0,600.0,200.0,0.1956947162426614,card_bin,0,0,3,0.0,normal
0,obvious,123,3,1.0,14.895201683044434,14.895201683044434,0.0,1.0,0.0,0.3063517285493891,353.97864583333336,0.3333333333333333,0.7997157372802824,254864.625,0.0,1.0,0.0,0.3333333333333333,0.2212945596618132,0.3333333333333333,1.0,1.0,1.0,1.0,600.0,200.0,0.3426613363792118,pincode,0,0,3,0.0,normal
0,obvious,124,3,1.0,18.819580078125,17.567888259887695,0.9969308883427682,1.0,0.0,0.5570860746779477,1.4671296296296297,0.3333333333333333,0.6543128759565947,1056.3333333333333,0.0,1.0,0.0,0.6666666666666666,0.2412595711344352,0.6666666666666666,0.6666666666666666,1.0,1.0,1.0,600.0,200.0,0.3858520900321543,pincode,0,0,3,0.0,normal
0,obvious,125,3,0.6666666666666666,14.636358737945557,14.23416233062744,0.4021964073181152,2.0,0.1666666666666666,0.2378201820817909,171.13672453703705,0.3333333333333333,0.6543128759565947,123218.44166666668,0.0,1.0,0.0,0.0,0.715639102557273,0.3333333333333333,1.0,1.0,1.0,1.0,600.0,200.0,0.0882223202470224,pincode,0,0,3,0.0,normal
0,obvious,126,3,0.6666666666666666,17.374331951141357,14.273293495178224,3.1010384559631348,2.0,0.1666666666666666,0.3233927628445285,504.1686111111111,0.3333333333333333,0.6543128759565947,363001.4,0.0,1.0,0.0,0.6666666666666666,0.1071980459468857,0.3333333333333333,1.0,1.0,1.0,1.0,600.0,200.0,0.4158004158004158,pincode,0,0,3,0.0,normal
0,obvious,127,3,0.6666666666666666,18.128490447998047,14.839345932006836,3.289144515991211,2.0,0.1666666666666666,0.3290322276390994,1.2832291666666666,0.6666666666666666,0.6543128759565947,923.925,0.0,1.0,0.0,0.6666666666666666,0.2590134169082832,0.6666666666666666,0.6666666666666666,1.0,1.0,1.0,600.0,200.0,0.3588516746411483,pincode,0,0,3,0.0,normal
0,obvious,128,3,0.6666666666666666,15.787240982055664,14.262296676635742,1.524944305419922,2.0,0.1666666666666666,0.3433566131384767,2.8641550925925925,0.6666666666666666,0.6543128759565947,2062.1916666666666,0.0,1.0,0.0,0.6666666666666666,0.0585263825744037,0.6666666666666666,0.6666666666666666,1.0,1.0,1.0,600.0,200.0,0.4034969737726967,signup_gap,0,0,3,0.0,normal
0,obvious,129,3,0.6666666666666666,15.102001190185549,14.444193840026855,0.6578073501586914,2.0,0.1666666666666666,0.5003488598128493,6.962395833333333,0.3333333333333333,0.6543128759565947,5012.925,0.0,1.0,0.0,0.0,0.3197119200241923,1.0,0.3333333333333333,1.0,1.0,1.0,600.0,200.0,0.2083333333333333,pincode,0,0,3,0.0,normal
0,obvious,130,3,0.6666666666666666,16.980283737182617,14.822372436523438,2.15791130065918,2.0,0.1666666666666666,0.3262824689378385,3.8809375,0.6666666666666666,0.6543128759565947,2794.275,0.0,1.0,0.0,0.3333333333333333,0.3146978528874928,0.6666666666666666,0.6666666666666666,1.0,1.0,1.0,600.0,200.0,0.3401360544217687,signup_gap,0,0,3,0.0,normal
0,obvious,131,3,0.6666666666666666,17.187273025512695,17.062360763549805,0.1249122619628906,2.0,0.1666666666666666,0.3498471390995016,3.0483101851851853,0.6666666666666666,0.7997157372802824,2194.7833333333333,0.0,1.0,0.0,0.6666666666666666,0.1948015374336947,0.6666666666666666,0.6666666666666666,1.0,1.0,1.0,600.0,200.0,0.3757044458359423,signup_gap,0,0,3,0.0,normal
0,obvious,132,3,0.6666666666666666,16.802023887634277,16.295907974243164,0.5061159133911133,2.0,0.1666666666666666,0.4964183006192441,396.95916666666665,0.3333333333333333,0.6543128759565947,285810.6,0.0,1.0,0.0,0.3333333333333333,0.1066684077643343,0.6666666666666666,0.6666666666666666,1.0,1.0,1.0,600.0,200.0,0.3821656050955414,pincode,0,0,3,0.0,normal
0,obvious,133,3,0.6666666666666666,15.27366828918457,14.61586093902588,0.6578073501586914,2.0,0.1666666666666666,0.3348718153316931,2.464768518518518,0.3333333333333333,0.6543128759565947,1774.6333333333334,0.0,1.0,0.0,0.3333333333333333,0.13226789015109,0.3333333333333333,1.0,1.0,1.0,1.0,600.0,200.0,0.3658536585365853,pincode,0,0,3,0.0,normal
0,obvious,134,3,0.6666666666666666,18.613807678222656,16.543819427490234,2.069988250732422,2.0,0.1666666666666666,0.5438353883958362,28.03606481481481,0.3333333333333333,0.6543128759565947,20185.966666666667,0.0,1.0,0.0,0.3333333333333333,0.6736815276828152,0.3333333333333333,1.0,1.0,1.0,1.0,600.0,200.0,0.1940491591203104,pincode,0,0,3,0.0,normal
0,obvious,135,3,0.6666666666666666,16.246517658233643,15.1808500289917,1.0656676292419434,2.0,0.1666666666666666,0.3352075615372642,6.649375,0.6666666666666666,0.7997157372802824,4787.55,0.0,1.0,0.0,0.6666666666666666,0.1769282168937324,0.6666666666666666,0.6666666666666666,1.0,1.0,1.0,600.0,200.0,0.4078857919782461,signup_gap,0,0,3,0.0,normal
0,obvious,136,3,0.6666666666666666,18.26047420501709,16.511920928955078,1.7485532760620115,2.0,0.1666666666666666,0.3085830189693498,6.828854166666667,0.6666666666666666,0.7997157372802824,4916.775,0.0,1.0,0.0,0.3333333333333333,0.1390369687372969,0.6666666666666666,0.6666666666666666,1.0,1.0,1.0,600.0,200.0,0.3766478342749529,signup_gap,0,0,3,0.0,normal
0,obvious,137,3,0.6666666666666666,15.305497169494627,15.18503475189209,0.120462417602539,2.0,0.1666666666666666,0.3185952507611465,744.9750462962963,0.3333333333333333,1.0,536382.0333333333,0.0,1.0,0.0,0.0,0.3994969089774784,0.6666666666666666,0.6666666666666666,1.0,1.0,1.0,600.0,200.0,0.2031832035218422,pincode,0,0,3,0.0,normal
0,obvious,138,3,0.6666666666666666,16.29999828338623,14.87685203552246,1.4231462478637695,2.0,0.1666666666666666,0.424994365721212,7.382048611111111,0.3333333333333333,0.6543128759565947,5315.075,0.0,1.0,0.0,0.3333333333333333,0.6305637588911246,0.3333333333333333,1.0,1.0,1.0,1.0,600.0,200.0,0.1664355062413315,pincode,0,0,3,0.0,normal
0,obvious,139,3,1.0,17.441008885701496,14.206056594848633,4.574913403354034,1.0,0.0,0.3113019082763245,0.9556712962962964,0.3333333333333333,0.6543128759565947,688.0833333333334,0.0,1.0,0.0,0.0,0.2856372225342191,0.6666666666666666,0.6666666666666666,1.0,1.0,1.0,600.0,200.0,0.2353864260494311,pincode,0,0,3,0.0,normal
0,obvious,140,3,0.6666666666666666,17.070200443267822,14.283082008361816,2.787118434906006,2.0,0.1666666666666666,0.3016975998820764,298.76756944444446,0.6666666666666666,0.7997157372802824,215112.65,0.0,1.0,0.0,0.6666666666666666,0.0530315356055689,0.3333333333333333,1.0,1.0,1.0,0.6666666666666666,600.0,200.0,0.4158004158004158,card_bin,0,0,3,0.0,normal
0,obvious,141,3,0.6666666666666666,17.603102684020996,17.312185287475586,0.2909173965454101,2.0,0.1666666666666666,0.374385005756278,0.8282638888888889,0.6666666666666666,0.6543128759565947,596.35,0.0,1.0,0.0,0.0,1.2022225965145092,0.6666666666666666,0.6666666666666666,1.0,1.0,1.0,600.0,200.0,0.0106957591315043,signup_gap,0,0,3,0.0,normal
0,obvious,142,3,1.0,17.392955780029297,17.392955780029297,0.0,1.0,0.0,0.3927261351880302,0.6258564814814814,0.3333333333333333,0.6543128759565947,450.6166666666667,0.0,1.0,0.0,0.3333333333333333,0.2495489125476083,0.3333333333333333,1.0,1.0,1.0,1.0,600.0,200.0,0.3010536879076769,pincode,0,0,3,0.0,normal
0,obvious,143,3,0.6666666666666666,19.237982749938965,17.75289535522461,1.4850873947143557,2.0,0.1666666666666666,0.3117157928132091,33.02625,0.6666666666666666,0.7997157372802824,23778.9,0.0,1.0,0.0,1.0,0.0320375599497563,0.6666666666666666,0.6666666666666666,1.0,1.0,1.0,600.0,200.0,0.423728813559322,signup_gap,0,0,3,0.0,normal
0,obvious,144,3,1.0,16.926829655965168,15.46756649017334,2.063709760134304,1.0,0.0,0.3511831967616133,507.9477662037037,0.3333333333333333,0.7997157372802824,365722.39166666666,0.0,1.0,0.0,0.6666666666666666,0.6333356489803569,0.3333333333333333,1.0,1.0,1.0,1.0,600.0,200.0,0.2364998029168309,pincode,0,0,3,0.0,normal
0,obvious,145,3,0.6666666666666666,16.569742679595947,15.827300071716309,0.7424426078796387,2.0,0.1666666666666666,0.3597763098808383,4.019733796296296,0.6666666666666666,0.7997157372802824,2894.208333333333,0.0,1.0,0.0,0.6666666666666666,0.3588011264853937,0.6666666666666666,0.6666666666666666,1.0,1.0,1.0,600.0,200.0,0.315955766192733,signup_gap,0,0,3,0.0,normal
0,obvious,146,3,0.6666666666666666,17.187273025512695,17.062360763549805,0.1249122619628906,2.0,0.1666666666666666,0.3498471390995016,4.998831018518518,0.6666666666666666,1.0,3599.1583333333333,0.0,1.0,0.0,0.3333333333333333,0.0849156444164835,0.6666666666666666,0.6666666666666666,1.0,1.0,1.0,600.0,200.0,0.4,signup_gap,0,0,3,0.0,normal
0,obvious,147,3,0.6666666666666666,17.85812997817993,15.707232475280762,2.15089750289917,2.0,0.1666666666666666,0.3259183775339418,227.0032523148148,0.6666666666666666,1.0,163442.34166666667,0.0,1.0,0.0,0.3333333333333333,0.5003041014680668,0.6666666666666666,0.6666666666666666,1.0,1.0,1.0,600.0,200.0,0.2711251694532309,signup_gap,0,0,3,0.0,normal
0,obvious,148,3,0.6666666666666666,14.636736392974854,14.264312744140623,0.3724236488342285,2.0,0.1666666666666666,0.5067148520843304,237.21065972222223,0.3333333333333333,0.7997157372802824,170791.675,0.0,1.0,0.0,1.0,0.0353311408791705,0.6666666666666666,0.6666666666666666,1.0,1.0,1.0,600.0,200.0,0.4672897196261682,pincode,0,0,3,0.0,normal
0,obvious,149,3,0.6666666666666666,16.0809268951416,16.0809268951416,0.0,2.0,0.1666666666666666,0.3076706808481602,1.056574074074074,0.3333333333333333,0.7997157372802824,760.7333333333333,0.0,1.0,0.0,0.3333333333333333,0.2207756076753285,0.3333333333333333,1.0,1.0,1.0,1.0,600.0,200.0,0.2945508100147275,signup_gap,0,0,3,0.0,normal
0,obvious,150,3,1.0,14.650416374206545,14.650416374206545,0.0,1.0,0.0,0.3871958516641842,479.0190856481481,0.3333333333333333,1.0,344893.74166666664,0.0,1.0,0.0,0.3333333333333333,0.3662789055153387,0.3333333333333333,1.0,1.0,1.0,1.0,600.0,200.0,0.2777777777777778,card_bin,0,0,3,0.0,normal
0,obvious,151,3,0.6666666666666666,16.207573413848877,14.78442668914795,1.4231467247009275,2.0,0.1666666666666666,0.4758347398962865,7.957106481481482,0.3333333333333333,0.7997157372802824,5729.116666666667,0.0,1.0,0.0,0.0,0.3263950261645789,1.0,0.3333333333333333,1.0,1.0,1.0,600.0,200.0,0.2100105005250262,pincode,0,0,3,0.0,normal
0,obvious,152,3,0.6666666666666666,14.749053955078123,14.749053955078123,0.0,2.0,0.1666666666666666,0.3736006368689059,9.648159722222225,0.3333333333333333,0.6543128759565947,6946.675,0.0,1.0,0.0,0.0,0.1273894646442448,0.3333333333333333,1.0,1.0,1.0,1.0,600.0,200.0,0.2220577350111028,pincode,0,0,3,0.0,normal
0,obvious,153,3,1.0,16.15970230102539,14.77239990234375,1.961941867328303,1.0,0.0,0.4475517535909887,6.669826388888889,0.3333333333333333,0.6543128759565947,4802.275,0.0,1.0,0.0,0.3333333333333333,0.1034799679338223,0.3333333333333333,1.0,1.0,1.0,1.0,600.0,200.0,0.409556313993174,pincode,0,0,3,0.0,normal
0,obvious,154,3,0.6666666666666666,17.825684070587158,15.803650856018066,2.022033214569092,2.0,0.1666666666666666,0.4103494058356445,29.024780092592597,0.3333333333333333,0.6543128759565947,20897.841666666667,0.0,1.0,0.0,0.6666666666666666,0.2053750767593865,0.3333333333333333,1.0,1.0,1.0,1.0,600.0,200.0,0.3949967083607636,card_bin,0,0,3,0.0,normal
0,obvious,155,3,0.6666666666666666,17.312185287475586,17.312185287475586,0.0,2.0,0.1666666666666666,0.5149670781464688,0.0428125,0.6666666666666666,0.7997157372802824,30.825,0.0,1.0,0.0,1.0,0.033106041175819,1.0,0.3333333333333333,1.0,1.0,1.0,600.0,200.0,0.4792332268370607,signup_gap,0,0,3,0.0,normal
0,obvious,156,3,0.6666666666666666,18.522565841674805,17.906936645507812,0.6156291961669922,2.0,0.1666666666666666,0.3901658192574045,0.9537731481481482,0.6666666666666666,0.7997157372802824,686.7166666666667,0.0,1.0,0.0,0.0,0.0373888886446607,0.6666666666666666,0.6666666666666666,1.0,1.0,1.0,600.0,200.0,0.3846153846153846,signup_gap,0,0,3,0.0,normal
0,obvious,157,3,0.6666666666666666,14.85611629486084,14.4485502243042,0.4075660705566406,2.0,0.1666666666666666,0.3781177068717038,89.3338888888889,0.3333333333333333,0.6543128759565947,64320.4,0.0,1.0,0.0,0.6666666666666666,0.5933306203782159,0.6666666666666666,0.6666666666666666,1.0,1.0,1.0,600.0,200.0,0.2712477396021699,pincode,0,0,3,0.0,normal
0,obvious,158,3,0.6666666666666666,16.435344219207764,15.00722599029541,1.4281182289123535,2.0,0.1666666666666666,0.4044934271914899,483.2745833333333,0.3333333333333333,0.6543128759565947,347957.7,0.0,1.0,0.0,0.3333333333333333,0.4692783738865007,0.3333333333333333,1.0,1.0,1.0,1.0,600.0,200.0,0.2505219206680584,pincode,0,0,3,0.0,normal
0,obvious,159,3,0.6666666666666666,16.907902717590332,16.503620147705078,0.4042825698852539,2.0,0.1666666666666666,0.3542703544156349,6.978865740740741,0.6666666666666666,0.7997157372802824,5024.783333333334,0.0,1.0,0.0,0.0,0.2017637886617657,0.6666666666666666,0.6666666666666666,1.0,1.0,1.0,600.0,200.0,0.3126628452318916,signup_gap,0,0,3,0.0,normal
0,obvious,160,3,0.6666666666666666,16.645519256591797,16.645519256591797,0.0,2.0,0.1666666666666666,0.3796389623272977,8.092210648148148,0.3333333333333333,0.6543128759565947,5826.391666666666,0.0,1.0,0.0,0.3333333333333333,1.2347389012851966,0.3333333333333333,1.0,1.0,1.0,1.0,600.0,200.0,0.0300105036762867,pincode,0,0,3,0.0,normal
0,obvious,161,3,0.6666666666666666,20.735629081726078,17.312185287475586,3.4234437942504883,2.0,0.1666666666666666,0.3568585221283554,0.9710300925925924,0.6666666666666666,0.7997157372802824,699.1416666666667,0.0,1.0,0.0,0.0,0.6370302895267926,0.6666666666666666,0.6666666666666666,1.0,1.0,1.0,600.0,200.0,0.1294219154443485,signup_gap,0,0,3,0.0,normal
0,obvious,162,3,1.0,18.181745529174805,15.060643196105955,4.4139052489802735,1.0,0.0,0.2904521795492221,2.0188657407407407,0.6666666666666666,0.7997157372802824,1453.5833333333333,0.0,1.0,0.0,0.0,0.3281522425814866,0.3333333333333333,1.0,1.0,1.0,1.0,600.0,200.0,0.2563007261853908,signup_gap,0,0,3,0.0,normal
0,obvious,163,3,0.6666666666666666,19.8637490272522,15.339564323425291,4.524184703826904,2.0,0.1666666666666666,0.4094872111004057,216.35200231481485,0.3333333333333333,0.6543128759565947,155773.44166666668,0.0,1.0,0.0,0.3333333333333333,0.5690181474841863,0.3333333333333333,1.0,1.0,1.0,1.0,600.0,200.0,0.1803968731208659,card_bin,0,0,3,0.0,normal
0,obvious,164,3,0.6666666666666666,16.04240369796753,15.827300071716309,0.2151036262512207,2.0,0.1666666666666666,0.2935011498197816,5.007511574074074,0.6666666666666666,0.7997157372802824,3605.408333333333,0.0,0.6666666666666666,0.0,0.3333333333333333,0.907172400339428,0.3333333333333333,1.0,1.0,1.0,1.0,400.0,133.33333333333334,0.2389486260454002,signup_gap,0,0,3,0.0,normal
0,obvious,165,3,0.6666666666666666,15.809794902801514,14.505156517028809,1.304638385772705,2.0,0.1666666666666666,0.4005299160707966,34.01445601851852,0.3333333333333333,0.7997157372802824,24490.408333333333,0.0,1.0,0.0,0.6666666666666666,0.503932823178679,0.6666666666666666,0.6666666666666666,1.0,1.0,1.0,600.0,200.0,0.3110419906687403,pincode,0,0,3,0.0,normal
0,obvious,166,3,0.6666666666666666,16.103994369506836,14.895803451538086,1.20819091796875,2.0,0.1666666666666666,0.367646004463935,5.94755787037037,0.6666666666666666,0.6543128759565947,4282.241666666667,0.0,1.0,0.0,0.6666666666666666,0.1917092750210697,0.6666666666666666,0.6666666666666666,1.0,1.0,1.0,600.0,200.0,0.3955174686882003,signup_gap,0,0,3,0.0,normal
0,obvious,167,3,1.0,15.060643196105955,15.060643196105955,0.0,1.0,0.0,0.3263708275663547,6.052013888888889,0.3333333333333333,0.7997157372802824,4357.45,0.0,1.0,0.0,0.6666666666666666,0.209826592324039,0.3333333333333333,1.0,1.0,1.0,1.0,600.0,200.0,0.3843689942344651,pincode,0,0,3,0.0,normal
0,obvious,168,3,0.6666666666666666,17.319178581237793,16.6613712310791,0.6578073501586914,2.0,0.1666666666666666,0.3638824496691384,3.018576388888889,0.3333333333333333,0.6543128759565947,2173.375,0.0,1.0,0.0,0.3333333333333333,0.2700587141790411,0.3333333333333333,1.0,1.0,1.0,1.0,600.0,200.0,0.3456221198156682,card_bin,0,0,3,0.0,normal
0,obvious,169,3,1.0,15.301211992899576,15.269242286682127,0.0452119921177983,1.0,0.0,0.4312319562855675,3.9497685185185194,0.3333333333333333,0.6543128759565947,2843.833333333333,0.0,1.0,0.0,0.3333333333333333,0.8095130168897049,0.3333333333333333,1.0,1.0,1.0,1.0,600.0,200.0,0.1217779581895676,card_bin,0,0,3,0.0,normal
0,obvious,170,3,0.6666666666666666,20.0585880279541,16.081401824951172,3.9771862030029297,2.0,0.1666666666666666,0.3175040258642248,0.1915856481481481,0.6666666666666666,0.7997157372802824,137.94166666666666,0.0,0.6666666666666666,0.0,0.0,0.4690676953072981,0.6666666666666666,0.6666666666666666,1.0,1.0,1.0,400.0,133.33333333333334,0.1564945226917058,pincode,0,0,3,0.0,normal
0,obvious,171,3,1.0,14.5688263575236,14.536856651306152,0.0452119921177983,1.0,0.0,0.3491800138013103,514.8638888888889,0.3333333333333333,0.6543128759565947,370702.0,0.0,1.0,0.0,0.0,0.0435366165404015,0.3333333333333333,1.0,1.0,1.0,1.0,600.0,200.0,0.2586206896551724,pincode,0,0,3,0.0,normal
0,obvious,172,3,1.0,17.312185287475586,17.312185287475586,0.0,1.0,0.0,0.5149670781464688,0.0299189814814814,1.0,1.0,21.541666666666668,0.0,1.0,0.0,0.0,0.4529964693267032,1.0,0.3333333333333333,1.0,1.0,1.0,600.0,200.0,0.2665482007996446,signup_gap,0,0,3,0.0,normal
0,obvious,173,3,0.6666666666666666,17.644585609436035,17.312185287475586,0.3324003219604492,2.0,0.1666666666666666,0.3428402256551763,7.02699074074074,0.6666666666666666,1.0,5059.433333333333,0.0,1.0,0.0,0.3333333333333333,0.3912637758381772,0.6666666666666666,0.6666666666666666,1.0,1.0,1.0,600.0,200.0,0.2538071065989847,signup_gap,0,0,3,0.0,normal
0,obvious,174,3,0.6666666666666666,17.464563369750977,14.206056594848633,3.258506774902344,2.0,0.1666666666666666,0.3784558565686315,1.009675925925926,0.6666666666666666,1.0,726.9666666666667,0.0,1.0,0.0,0.3333333333333333,0.6058955149198582,1.0,0.3333333333333333,1.0,1.0,1.0,600.0,200.0,0.2205882352941176,signup_gap,0,0,3,0.0,normal
0,obvious,175,3,0.6666666666666666,17.713860511779785,17.312185287475586,0.4016752243041992,2.0,0.1666666666666666,0.3727144187056422,0.6738773148148148,0.6666666666666666,0.6543128759565947,485.19166666666666,0.0,1.0,0.0,0.6666666666666666,0.575441975585591,0.6666666666666666,0.6666666666666666,1.0,1.0,1.0,600.0,200.0,0.273099681383705,signup_gap,0,0,3,0.0,normal
0,obvious,176,3,1.0,18.181745529174805,15.060643196105955,4.4139052489802735,1.0,0.0,0.2904521795492221,1.973425925925926,0.6666666666666666,0.7997157372802824,1420.8666666666666,0.0,1.0,0.0,0.3333333333333333,0.2839523557441235,0.3333333333333333,1.0,1.0,1.0,1.0,600.0,200.0,0.3340757238307349,signup_gap,0,0,3,0.0,normal
0,obvious,177,3,0.6666666666666666,14.742801666259766,14.084994316101074,0.6578073501586914,2.0,0.1666666666666666,0.492757493708591,4.281909722222222,0.3333333333333333,0.7997157372802824,3082.975,0.0,1.0,0.0,0.6666666666666666,0.0590578785428764,1.0,0.3333333333333333,1.0,1.0,1.0,600.0,200.0,0.4252303330970942,pincode,0,0,3,0.0,normal
0,obvious,178,3,1.0,16.23895041147868,15.42581272125244,0.5749751747973384,1.0,0.0,0.3649136174090731,2.07144675925926,0.3333333333333333,0.6543128759565947,1491.4416666666666,0.0,1.0,0.0,0.3333333333333333,0.3014811943414068,0.3333333333333333,1.0,1.0,1.0,1.0,600.0,200.0,0.3073770491803279,pincode,0,0,3,0.0,normal
0,obvious,179,3,0.6666666666666666,17.517027854919434,16.274246215820312,1.242781639099121,2.0,0.1666666666666666,0.5015831858587672,634.0015162037037,0.3333333333333333,0.7997157372802824,456481.0916666667,0.0,1.0,0.0,0.3333333333333333,0.8072942288405506,0.6666666666666666,0.6666666666666666,1.0,1.0,1.0,600.0,200.0,0.1255230125523012,pincode,0,0,3,0.0,normal
0,obvious,180,3,1.0,14.610602696736654,14.546663284301758,0.0452119921177983,1.0,0.0,0.4453532954677832,5.142581018518518,0.3333333333333333,0.6543128759565947,3702.658333333333,0.0,1.0,0.0,0.6666666666666666,0.1221560139978634,0.3333333333333333,1.0,1.0,1.0,1.0,600.0,200.0,0.4310344827586206,pincode,0,0,3,0.0,normal
0,obvious,181,3,0.6666666666666666,19.42732572555542,14.5401029586792,4.887222766876221,2.0,0.1666666666666666,0.4542147759075622,6.055416666666667,0.3333333333333333,0.6543128759565947,4359.9,0.0,1.0,0.0,0.3333333333333333,0.8382927327648203,0.6666666666666666,0.6666666666666666,1.0,1.0,1.0,600.0,200.0,0.1624255549539794,pincode,0,0,3,0.0,normal
0,obvious,182,3,1.0,18.29966672261556,17.58032989501953,1.0172958975007405,1.0,0.0,0.3669292843302354,132.01063657407408,0.3333333333333333,0.7997157372802824,95047.65833333334,0.0,1.0,0.0,0.3333333333333333,0.3644117689599797,0.3333333333333333,1.0,1.0,1.0,1.0,600.0,200.0,0.24174053182917,card_bin,0,0,3,0.0,normal
1,obvious,0,66,0.2540792540792541,20.032198879696907,14.010558128356934,4.309833450890972,6.0,0.4349735891020295,0.3191955433394447,121.8890162037037,0.0303030303030303,0.099129352847461,1086.9166666666667,179.0,0.6515151515151515,0.2272727272727272,0.3636363636363636,3.240615147931838,0.4242424242424242,0.303030303030303,1.0,0.1666666666666666,1.0,8600.0,130.3030303030303,0.0741181236048987,address,0,0,66,0.0,hostel
1,obvious,1,57,0.4097744360902255,19.21802042602399,14.325637817382812,4.551615761423768,4.0,0.3356671495251891,0.2817685116683607,491.7589930555556,0.0350877192982456,0.1418250082352005,9255.416666666666,175.0,0.5789473684210527,0.3684210526315789,0.2807017543859649,0.5638910634960508,0.4912280701754385,0.2456140350877192,1.0,0.0350877192982456,1.0,6600.0,115.78947368421052,0.0910395056278967,address,0,0,57,0.0,hostel
1,obvious,2,48,0.2916666666666667,18.70594051036429,14.159467697143556,3.798129586223793,4.0,0.3703774062816616,0.3040547659699064,361.9299189814815,0.0416666666666666,0.1841587445126599,7162.9,149.0,0.5416666666666666,0.2291666666666666,0.1458333333333333,3.8790330735408025,0.4375,0.2083333333333333,1.0,0.0833333333333333,1.0,5200.0,108.33333333333331,0.0239509925844042,address,0,0,48,0.0,hostel
1,obvious,3,47,0.183163737280296,18.06441278168649,14.36258029937744,3.5005810493906107,7.0,0.4907586503331184,0.3492589492439192,224.74824074074075,0.0425531914893617,0.093747716852067,3119.0583333333334,149.0,0.6808510638297872,0.1276595744680851,0.3829787234042553,2.8513979087319723,0.3617021276595745,0.2127659574468085,1.0,0.2553191489361702,1.0,6400.0,136.17021276595744,0.0937976316098018,address,0,0,47,0.0,hostel
1,obvious,4,45,0.0868686868686868,16.97876589797264,14.402888298034668,3.356978094057572,7.0,0.3475452196382429,0.3797461191412408,225.7285648148148,0.0666666666666666,0.0923997678427412,4179.883333333333,175.0,0.8444444444444444,0.1111111111111111,0.4888888888888889,0.5163708909568573,0.4222222222222222,0.1777777777777777,1.0,0.2666666666666666,1.0,7600.0,168.88888888888889,0.2030294125504234,address,0,0,45,0.0,hostel
1,obvious,5,43,0.5448504983388704,20.93732477203617,14.270977973937988,4.868843152507068,3.0,0.2383248251087162,0.2958088475463791,149.95613425925927,0.0465116279069767,0.2007199041124752,3220.4083333333333,171.0,0.627906976744186,0.3023255813953488,0.3255813953488372,3.5880795332872424,0.5581395348837209,0.2558139534883721,1.0,0.0465116279069767,1.0,5400.0,125.5813953488372,0.0308115417753153,address,0,0,43,0.0,hostel
1,obvious,6,40,0.15,16.051099149589863,14.078107833862305,2.435877784616078,6.0,0.5027777777777778,0.3733608511887015,321.8999768518519,0.05,0.1548304877619648,6030.483333333334,117.0,0.55,0.025,0.275,1.1334669876669303,0.475,0.225,1.0,0.25,1.0,4400.0,110.0,0.1378662071126429,address,0,0,40,0.0,hostel
1,obvious,7,38,0.5263157894736842,20.11014336250924,14.02176284790039,4.605926653636323,3.0,0.2693456614509246,0.2812131778794666,558.590625,0.0263157894736842,0.1804326299213193,15316.316666666668,171.0,0.4736842105263157,0.2631578947368421,0.3421052631578947,1.1011288936419965,0.5,0.1842105263157894,1.0,0.0789473684210526,1.0,3600.0,94.73684210526316,0.0334054023959096,address,0,0,38,0.0,hostel
1,obvious,8,38,1.0,48.384463795896615,15.08006191253662,11.526100807744,1.0,0.0,0.2851507638291924,0.5510763888888889,0.9736842105263158,0.9617085143379278,1.1333333333333333,0.0,1.0,0.0,0.9736842105263158,0.0779151854165825,0.0263157894736842,1.0,0.0526315789473684,0.0789473684210526,1.0,7600.0,200.0,0.4490929504225019,device,1,37,1,0.9737,normal
1,obvious,9,37,0.2642642642642642,18.717276903716,14.229836463928224,3.6489160222963055,5.0,0.3438267813267813,0.3140850017665206,267.48524305555554,0.027027027027027,0.1460010230296358,6244.825,179.0,0.4594594594594595,0.2972972972972973,0.2702702702702703,4.1836671556602685,0.4864864864864865,0.2162162162162162,1.0,0.027027027027027,1.0,3400.0,91.89189189189187,0.0323720115396699,address,0,0,37,0.0,hostel
1,obvious,10,27,0.2649572649572649,17.797840846482142,14.138113975524902,2.7642175712496058,4.0,0.4360812425328554,0.3765611946634813,247.93141203703703,0.037037037037037,0.2466310444602095,8547.025,159.0,0.7407407407407407,0.2962962962962963,0.3333333333333333,0.627895153176254,0.5185185185185185,0.2222222222222222,1.0,0.1111111111111111,1.0,4000.0,148.14814814814815,0.1070005082524142,address,0,0,27,0.0,hostel
1,obvious,11,27,1.0,55.69723962311052,16.39567756652832,11.086899091380635,1.0,0.0,0.2610358248339423,1.9879976851851853,0.9629629629629628,0.8087844145155892,1.6916666666666669,0.0,1.0,0.0,1.0,0.0580308698633837,0.037037037037037,1.0,0.074074074074074,0.074074074074074,1.0,5400.0,200.0,0.4509018036072144,device,1,26,1,0.963,normal
1,obvious,12,23,0.7707509881422925,20.13453151996319,14.335687637329102,5.2441002911341394,2.0,0.0740245261984392,0.3193502147500902,2.6208912037037035,0.0869565217391304,0.2173645157165777,120.48333333333332,156.0,0.5217391304347826,0.7391304347826086,0.3478260869565217,1.2789484639757942,0.6521739130434783,0.3478260869565217,1.0,0.0434782608695652,1.0,2400.0,104.34782608695652,0.0427008273285294,address,0,0,23,0.0,office
1,obvious,13,22,0.238095238095238,17.36359835537997,14.020349502563477,3.671695133627179,5.0,0.4016528925619834,0.3888267018593871,11.016064814814817,0.0909090909090909,0.2009677823476141,573.15,177.0,0.5909090909090909,0.5,0.2272727272727272,0.8725099766078601,0.5454545454545454,0.2272727272727272,1.0,0.2272727272727272,1.0,2600.0,118.1818181818182,0.0648945463621614,address,0,0,22,0.0,office
1,obvious,14,21,0.4761904761904761,19.69338722229004,14.340641975402832,3.851912263431844,3.0,0.2285714285714285,0.3585925183417823,52.11917824074074,0.0952380952380952,0.1952597798522445,254.34166666666667,163.0,0.4285714285714285,0.4761904761904761,0.1428571428571428,0.5980041898883188,0.5714285714285714,0.3333333333333333,1.0,0.0952380952380952,1.0,1800.0,85.71428571428571,0.0496963003865267,address,0,0,21,0.0,office
1,obvious,15,19,0.4444444444444444,19.40536338404605,14.325209617614746,4.006908069759233,3.0,0.2590027700831025,0.3662441672562219,5.783761574074074,0.1052631578947368,0.1740076478046502,332.18333333333334,179.0,0.4736842105263157,0.7368421052631579,0.2631578947368421,0.466085802083242,0.4736842105263157,0.3684210526315789,1.0,0.0526315789473684,1.0,1800.0,94.73684210526316,0.0227629116293186,address,0,0,19,0.0,office
1,obvious,16,19,0.8830409356725146,19.85114304750961,14.05738925933838,5.386144801529103,2.0,0.0700592540955036,0.3222707603179558,6.425127314814815,0.1052631578947368,0.2745065183347738,298.6,177.0,0.4736842105263157,0.631578947368421,0.2631578947368421,0.9396485895374812,0.6842105263157895,0.2631578947368421,1.0,0.0526315789473684,1.0,1800.0,94.73684210526316,0.0402081890678401,address,0,0,19,0.0,office
